distance,total_measurements,total_sessions,mean_rssi,coverage
3,676,9,-57.6612426035503,3
5,677,9,-61.197932053175776,3
7,720,9,-61.34305555555556,3
9,666,9,-61.429429429429426,3
