orientation,position,total_packets,flow_intensity,mean_rssi
los,start,867,1.0118741494049641,-66.02191464821223
los,center,1031,1.3773300354664089,-51.95635305528613
los,end,841,1.1267803910618228,-65.01902497027348
