distance,los_mean,nlos_mean,difference,t_statistic,p_value,significant
3,-58.957056324802224,-64.04447416450958,5.087417839707356,1.120600061528751,0.2745423523749174,False
7,-61.70411434659153,-66.89461337205967,5.190499025468135,1.5567491820910822,0.13379978151924676,False
9,-62.750624140994304,-65.4429063376767,2.692282196682399,0.6822175838920475,0.5022217270241257,False
